"Date","id","name","min","max","Mean"
2022-05-02,1,"Bitcoin",39074.9717589518,38156.5619033136,38615.767
2022-05-09,1,"Bitcoin",34222.0733234166,30296.9534000531,32259.513
2022-05-16,1,"Bitcoin",31305.3425986839,29251.8855581398,30278.614
2022-05-23,1,"Bitcoin",30590.5864837253,28975.5596093713,29783.073
2022-05-30,1,"Bitcoin",31949.6316183118,29303.571633074,30626.602
2022-06-06,1,"Bitcoin",31693.2901114808,29894.1873301778,30793.739
2022-06-13,1,"Bitcoin",26795.5898175946,22141.2575407059,24468.424
2022-06-20,1,"Bitcoin",20913.3219024242,19689.1695110104,20301.246
2022-06-27,1,"Bitcoin",21478.0893638064,20620.1985073849,21049.144
2022-07-04,1,"Bitcoin",20258.7472098173,19063.0661953686,19660.907
2022-07-11,1,"Bitcoin",20856.352967685,19924.5397968986,20390.446
2022-07-18,1,"Bitcoin",22633.0334362237,20781.9115039967,21707.472
2022-07-25,1,"Bitcoin",22649.1213665683,21361.6434545441,22005.382
2022-08-01,1,"Bitcoin",23464.7862772244,22890.7960211693,23177.791
2022-08-08,1,"Bitcoin",24203.6888656304,23176.5472532816,23690.118
2022-08-15,1,"Bitcoin",25135.5903960686,23839.7749751036,24487.683
2022-08-22,1,"Bitcoin",21531.4638488066,20939.1841727079,21235.324
2022-08-29,1,"Bitcoin",20357.4632334576,19600.7850348256,19979.124
2022-09-05,1,"Bitcoin",20031.1602515742,19673.0473387536,19852.104
2022-09-12,1,"Bitcoin",22439.1810089793,21603.8957792787,22021.538
2022-09-19,1,"Bitcoin",19639.4797325487,18390.3187095743,19014.899
2022-09-26,1,"Bitcoin",19274.8734982574,18721.2858513532,18998.08
2022-10-03,1,"Bitcoin",19653.5429529049,19025.2262854468,19339.385
2022-10-10,1,"Bitcoin",19515.4672876602,19102.9792396234,19309.223
2022-10-17,1,"Bitcoin",19635.8022813631,19173.3347235856,19404.569
2022-10-24,1,"Bitcoin",19589.1245755281,19206.3243067081,19397.724
2022-10-31,1,"Bitcoin",20795.3212231777,20287.4590879886,20541.39
2022-11-07,1,"Bitcoin",21053.2461495293,20489.9733436956,20771.61
2022-11-14,1,"Bitcoin",17109.323354055,15872.9416126748,16491.132
2022-11-21,1,"Bitcoin",16291.223799579,15599.0471753829,15945.135
2022-11-28,1,"Bitcoin",16482.9335433104,16054.5302153408,16268.732
2022-12-05,1,"Bitcoin",17378.1533102833,16922.4318687598,17150.293
2022-12-12,1,"Bitcoin",17212.563876631,16899.3937850102,17055.979
2022-12-19,1,"Bitcoin",16807.5265740651,16398.1362516753,16602.831
2022-12-26,1,"Bitcoin",16920.1236404674,16812.3700759233,16866.247
2023-01-02,1,"Bitcoin",16759.3440229184,16572.2288497449,16665.786
2023-01-09,1,"Bitcoin",17389.9575514263,17093.9924981225,17241.975
2023-01-16,1,"Bitcoin",21360.8742794775,20715.7462141198,21038.31
2023-01-23,1,"Bitcoin",23126.4863454372,22654.3044696935,22890.395
2023-01-30,1,"Bitcoin",23789.3471776992,22657.5821676256,23223.465
2023-02-06,1,"Bitcoin",23119.2799503201,22692.0259840498,22905.653
2023-02-13,1,"Bitcoin",21898.4138396757,21460.0885038644,21679.251
2023-02-20,1,"Bitcoin",25020.4595125254,23927.9092534735,24474.184
2023-02-27,1,"Bitcoin",23857.8911252628,23205.8792453501,23531.885
2023-03-06,1,"Bitcoin",22584.2938087023,22331.3148283697,22457.804
2023-03-13,1,"Bitcoin",24550.8374857613,21918.19993089,23234.519
2023-03-20,1,"Bitcoin",28527.7242227414,27242.8807029191,27885.302
2023-03-27,1,"Bitcoin",28037.9258606414,26606.6890011395,27322.307
2023-04-03,1,"Bitcoin",28475.6225074989,27276.7199488097,27876.171
2023-04-10,1,"Bitcoin",29771.46392891,28189.2707713694,28980.367
2023-04-17,1,"Bitcoin",30319.1965766039,29275.3710576336,29797.284
2023-04-24,1,"Bitcoin",27979.9819006629,27070.8494995525,27525.416
2022-05-02,52,"XRP",0.629309833543605,0.601789501676987,0.616
2022-05-09,52,"XRP",0.575994320965824,0.480721823852203,0.528
2022-05-16,52,"XRP",0.447569069247176,0.412085764024898,0.43
2022-05-23,52,"XRP",0.427835032508981,0.404358380615729,0.416
2022-05-30,52,"XRP",0.418701738806673,0.38763623653201,0.403
2022-06-06,52,"XRP",0.408485901895269,0.39487622480295,0.402
2022-06-13,52,"XRP",0.348877064876543,0.303852716044843,0.326
2022-06-20,52,"XRP",0.328047126842621,0.314241282232196,0.321
2022-06-27,52,"XRP",0.365991720230135,0.350972861888366,0.358
2022-07-04,52,"XRP",0.329100160691371,0.315572691764966,0.322
2022-07-11,52,"XRP",0.328563406365834,0.312306146534024,0.32
2022-07-18,52,"XRP",0.368834285421127,0.343424126813208,0.356
2022-07-25,52,"XRP",0.360183937392744,0.337312542051342,0.349
2022-08-01,52,"XRP",0.385395967985892,0.372274737295477,0.379
2022-08-08,52,"XRP",0.384142001579078,0.372055982029192,0.378
2022-08-15,52,"XRP",0.384781053245797,0.367960623102998,0.376
2022-08-22,52,"XRP",0.34528218735638,0.332523862618476,0.339
2022-08-29,52,"XRP",0.333796584451584,0.319391502634724,0.327
2022-09-05,52,"XRP",0.333235163744205,0.323365868841957,0.328
2022-09-12,52,"XRP",0.359445160622182,0.34926918535001,0.354
2022-09-19,52,"XRP",0.391494802294842,0.341762413358116,0.367
2022-09-26,52,"XRP",0.499860606378778,0.459836599050504,0.48
2022-10-03,52,"XRP",0.467568174625871,0.43954835982328,0.454
2022-10-10,52,"XRP",0.537319398107302,0.497013820831378,0.517
2022-10-17,52,"XRP",0.481262242668262,0.465332963532951,0.473
2022-10-24,52,"XRP",0.470982446542805,0.449691268011503,0.46
2022-10-31,52,"XRP",0.466113503182699,0.449523254695952,0.458
2022-11-07,52,"XRP",0.479170375492263,0.462160254327107,0.471
2022-11-14,52,"XRP",0.377898643272205,0.323959015938311,0.351
2022-11-21,52,"XRP",0.367196286126711,0.34779673834077,0.357
2022-11-28,52,"XRP",0.398779168939824,0.375519973599356,0.387
2022-12-05,52,"XRP",0.394603229910905,0.383431874809551,0.389
2022-12-12,52,"XRP",0.388751613024635,0.372695340510814,0.381
2022-12-19,52,"XRP",0.352553192551121,0.334307013473836,0.343
2022-12-26,52,"XRP",0.369103188674726,0.345969157917988,0.358
2023-01-02,52,"XRP",0.354104507479772,0.321627738004261,0.338
2023-01-09,52,"XRP",0.356608885207173,0.344290359854547,0.35
2023-01-16,52,"XRP",0.40504423702154,0.380864057540136,0.393
2023-01-23,52,"XRP",0.431117106664677,0.400432703972028,0.416
2023-01-30,52,"XRP",0.420374226316724,0.391159282845937,0.406
2023-02-06,52,"XRP",0.403399893242367,0.392227051134118,0.398
2023-02-13,52,"XRP",0.378181156713407,0.364122065669528,0.371
2023-02-20,52,"XRP",0.407322849058937,0.38174884283565,0.395
2023-02-27,52,"XRP",0.380042247400208,0.372158299060871,0.376
2023-03-06,52,"XRP",0.373240432747728,0.360997406050078,0.367
2023-03-13,52,"XRP",0.381001066158895,0.358141542542629,0.37
2023-03-20,52,"XRP",0.392115086600301,0.374033424487036,0.383
2023-03-27,52,"XRP",0.487612860741171,0.443895935897408,0.466
2023-04-03,52,"XRP",0.523166604413706,0.486949000813071,0.505
2023-04-10,52,"XRP",0.519673160141983,0.501259131558434,0.51
2023-04-17,52,"XRP",0.521361177322956,0.50827568600534,0.515
2023-04-24,52,"XRP",0.482532656176983,0.451035782742793,0.467
2022-05-02,74,"Dogecoin",0.133782993260674,0.128300130796436,0.131
2022-05-09,74,"Dogecoin",0.125135860351238,0.104823971800523,0.115
2022-05-16,74,"Dogecoin",0.0930607284705258,0.0864275162590801,0.09
2022-05-23,74,"Dogecoin",0.0881096369182024,0.082857992884767,0.085
2022-05-30,74,"Dogecoin",0.0882745695820432,0.0822685967811725,0.085
2022-06-06,74,"Dogecoin",0.0845590292692613,0.0811260127179004,0.083
2022-06-13,74,"Dogecoin",0.0657016614139126,0.05300174603545,0.059
2022-06-20,74,"Dogecoin",0.0611570688984631,0.0577065623098328,0.059
2022-06-27,74,"Dogecoin",0.0783886540964708,0.0710177187680503,0.075
2022-07-04,74,"Dogecoin",0.0696046246398157,0.0659268222283377,0.068
2022-07-11,74,"Dogecoin",0.0672684250222006,0.0615346563984792,0.064
2022-07-18,74,"Dogecoin",0.068673566148958,0.0631142002222363,0.066
2022-07-25,74,"Dogecoin",0.0678799286274127,0.0623055414465494,0.065
2022-08-01,74,"Dogecoin",0.0707212031224055,0.0671869635597554,0.069
2022-08-08,74,"Dogecoin",0.07205773738522,0.0689225972129498,0.07
2022-08-15,74,"Dogecoin",0.0818203479664048,0.0751510484151578,0.078
2022-08-22,74,"Dogecoin",0.0694886642740602,0.0656061221974648,0.068
2022-08-29,74,"Dogecoin",0.0639823786019984,0.0612463763418507,0.063
2022-09-05,74,"Dogecoin",0.0636401734475682,0.0612972291964065,0.062
2022-09-12,74,"Dogecoin",0.0651935897320447,0.0628784170921867,0.064
2022-09-19,74,"Dogecoin",0.0587444886202533,0.0561803234358861,0.057
2022-09-26,74,"Dogecoin",0.0617970685570964,0.0600514778853685,0.061
2022-10-03,74,"Dogecoin",0.0604670046474174,0.059078253775616,0.06
2022-10-10,74,"Dogecoin",0.0624691803128296,0.0595134880808887,0.061
2022-10-17,74,"Dogecoin",0.0600565439861454,0.0586247936227994,0.059
2022-10-24,74,"Dogecoin",0.0608140872882858,0.0588584966752068,0.06
2022-10-31,74,"Dogecoin",0.130245233692498,0.11507564919574,0.123
2022-11-07,74,"Dogecoin",0.118577388367177,0.108814066371269,0.114
2022-11-14,74,"Dogecoin",0.0907743177676526,0.080101472652601,0.085
2022-11-21,74,"Dogecoin",0.0771876708089749,0.0724042206831482,0.075
2022-11-28,74,"Dogecoin",0.0993268944655376,0.091449139381773,0.095
2022-12-05,74,"Dogecoin",0.111012154959879,0.100062789536948,0.106
2022-12-12,74,"Dogecoin",0.0930047674346556,0.0872884356553845,0.09
2022-12-19,74,"Dogecoin",0.0793421408827346,0.0709129872195999,0.075
2022-12-26,74,"Dogecoin",0.0763612115424343,0.0747721439285705,0.076
2023-01-02,74,"Dogecoin",0.0724789503496069,0.0693582292554353,0.071
2023-01-09,74,"Dogecoin",0.0792114449020528,0.0732581707627286,0.076
2023-01-16,74,"Dogecoin",0.0879039028471936,0.0823080003856469,0.085
2023-01-23,74,"Dogecoin",0.0911497905060764,0.0873265873511807,0.089
2023-01-30,74,"Dogecoin",0.0918373889966798,0.0853990145547507,0.089
2023-02-06,74,"Dogecoin",0.0930972644892662,0.0890624371779823,0.091
2023-02-13,74,"Dogecoin",0.0862049079492222,0.0799778131425373,0.083
2023-02-20,74,"Dogecoin",0.0886266438618964,0.0858532929030052,0.087
2023-02-27,74,"Dogecoin",0.0822018060036679,0.0802035679417839,0.081
2023-03-06,74,"Dogecoin",0.0750608380340986,0.0735518313825138,0.074
2023-03-13,74,"Dogecoin",0.07372610531652,0.06851398067781,0.071
2023-03-20,74,"Dogecoin",0.0756076350769166,0.0710217730186044,0.073
2023-03-27,74,"Dogecoin",0.0758309739849841,0.0717561313930419,0.074
2023-04-03,74,"Dogecoin",0.102640097482393,0.0766315507657066,0.09
2023-04-10,74,"Dogecoin",0.085272286071403,0.0824702755336794,0.084
2023-04-17,74,"Dogecoin",0.0945951272942283,0.0885769720379691,0.092
2023-04-24,74,"Dogecoin",0.0799725096968621,0.0775687980314464,0.079
2022-05-02,825,"Tether",1.00028133405867,0.999925934172251,1
2022-05-09,825,"Tether",1.0001335847941,0.999769978158584,1
2022-05-16,825,"Tether",0.99915306131462,0.998659309464243,0.999
2022-05-23,825,"Tether",0.999294450055504,0.998829159696109,0.999
2022-05-30,825,"Tether",0.999496626614471,0.998957914835698,0.999
2022-06-06,825,"Tether",0.999536793399742,0.999221368117588,0.999
2022-06-13,825,"Tether",0.999126204772743,0.997546672609264,0.998
2022-06-20,825,"Tether",0.99911120879656,0.99862908070222,0.999
2022-06-27,825,"Tether",0.999598591352176,0.998984086432748,0.999
2022-07-04,825,"Tether",0.999222969141043,0.99899075433158,0.999
2022-07-11,825,"Tether",0.999576003427904,0.999127829258495,0.999
2022-07-18,825,"Tether",0.999969637991292,0.999693457111511,1
2022-07-25,825,"Tether",1.00012155288327,1.00000578559496,1
2022-08-01,825,"Tether",1.0003678376481,1.00012518383529,1
2022-08-08,825,"Tether",1.00022730513867,1.000097392664,1
2022-08-15,825,"Tether",1.00035415953495,1.00012514684541,1
2022-08-22,825,"Tether",1.0001144172274,0.999890614075445,1
2022-08-29,825,"Tether",1.00009066672615,0.999967760244634,1
2022-09-05,825,"Tether",1.00009156149415,0.999966307289293,1
2022-09-12,825,"Tether",1.00032291620742,1.0000979810155,1
2022-09-19,825,"Tether",1.00017508586564,0.999944569579851,1
2022-09-26,825,"Tether",1.00015661908699,0.999949824957948,1
2022-10-03,825,"Tether",1.00015752137773,0.999984159602751,1
2022-10-10,825,"Tether",1.0001893576747,0.999940211914557,1
2022-10-17,825,"Tether",1.00014789884311,1.0000120434856,1
2022-10-24,825,"Tether",1.0001750022952,1.0000408269248,1
2022-10-31,825,"Tether",1.00025167482551,0.99991916582942,1
2022-11-07,825,"Tether",1.00016539420161,1.00003886043285,1
2022-11-14,825,"Tether",0.999134106652243,0.998575678454312,0.999
2022-11-21,825,"Tether",0.999169030849864,0.998646314521284,0.999
2022-11-28,825,"Tether",0.999773466630604,0.999592530785567,1
2022-12-05,825,"Tether",1.00020493782375,1.00004008170985,1
2022-12-12,825,"Tether",1.00021223671398,1.00002352590327,1
2022-12-19,825,"Tether",1.00020734529999,1.00004777763474,1
2022-12-26,825,"Tether",1.00002047589874,0.999894466281705,1
2023-01-02,825,"Tether",0.999844049426989,0.999620679159371,1
2023-01-09,825,"Tether",1.00006925274636,0.999900095892739,1
2023-01-16,825,"Tether",1.00045214444861,1.00009014719626,1
2023-01-23,825,"Tether",1.00024573881512,1.00009139931527,1
2023-01-30,825,"Tether",1.00015720807718,1.00003704292551,1
2023-02-06,825,"Tether",1.00027365009134,1.00006686756111,1
2023-02-13,825,"Tether",1.00249614076204,1.00016744942387,1.001
2023-02-20,825,"Tether",1.00028272708693,1.00011668010078,1
2023-02-27,825,"Tether",1.00019566442848,1.00004741060559,1
2023-03-06,825,"Tether",1.0001668027602,0.999974310979345,1
2023-03-13,825,"Tether",1.01159648195674,1.00129216103133,1.006
2023-03-20,825,"Tether",1.00380202372013,1.0009758229752,1.002
2023-03-27,825,"Tether",1.00106474518429,0.999734032081211,1
2023-04-03,825,"Tether",1.00082274329145,0.999625912053198,1
2023-04-10,825,"Tether",1.0011304258963,0.99989289907857,1.001
2023-04-17,825,"Tether",1.0010241085365,0.99991353826324,1
2023-04-24,825,"Tether",1.00079966006181,0.99966846727879,1
2022-05-02,1027,"Ethereum",2874.14609231856,2785.52298812667,2829.835
2022-05-09,1027,"Ethereum",2528.25817240285,2238.06265711359,2383.16
2022-05-16,1027,"Ethereum",2145.83680677311,1988.81173083297,2067.324
2022-05-23,1027,"Ethereum",2080.3333765372,1964.38658100299,2022.36
2022-05-30,1027,"Ethereum",2005.21084247709,1804.45601019152,1904.833
2022-06-06,1027,"Ethereum",1915.03049640447,1804.99026223067,1860.01
2022-06-13,1027,"Ethereum",1448.73803581922,1181.94826524823,1315.343
2022-06-20,1027,"Ethereum",1159.98540218435,1066.11312211197,1113.049
2022-06-27,1027,"Ethereum",1234.18083456291,1179.79249431098,1206.987
2022-07-04,1027,"Ethereum",1152.94381484258,1048.39637719222,1100.67
2022-07-11,1027,"Ethereum",1169.19382543493,1095.00278881834,1132.098
2022-07-18,1027,"Ethereum",1578.71789486232,1338.8060134638,1458.762
2022-07-25,1027,"Ethereum",1605.33691085715,1445.38342221788,1525.36
2022-08-01,1027,"Ethereum",1700.17090345187,1613.41596609682,1656.793
2022-08-08,1027,"Ethereum",1806.88642638892,1697.40801672035,1752.147
2022-08-15,1027,"Ethereum",2007.21032509583,1881.85683343055,1944.534
2022-08-22,1027,"Ethereum",1622.77882238513,1535.01481659451,1578.897
2022-08-29,1027,"Ethereum",1556.30956126517,1427.72835578298,1492.019
2022-09-05,1027,"Ethereum",1621.6613269896,1559.78185993961,1590.722
2022-09-12,1027,"Ethereum",1778.1634707003,1698.29344583776,1738.228
2022-09-19,1027,"Ethereum",1388.27226069766,1287.42095018526,1337.847
2022-09-26,1027,"Ethereum",1335.52640992848,1282.04935779579,1308.788
2022-10-03,1027,"Ethereum",1326.55440449302,1271.15091141793,1298.853
2022-10-10,1027,"Ethereum",1335.66275349661,1291.33762540687,1313.5
2022-10-17,1027,"Ethereum",1335.64787177311,1297.4472585074,1316.548
2022-10-24,1027,"Ethereum",1368.42550000043,1327.85401085731,1348.14
2022-10-31,1027,"Ethereum",1630.45292431031,1555.91898312912,1593.186
2022-11-07,1027,"Ethereum",1604.47532490123,1550.41558710168,1577.445
2022-11-14,1027,"Ethereum",1284.21763219901,1178.42910118353,1231.323
2022-11-21,1027,"Ethereum",1142.39578224138,1084.85730275631,1113.627
2022-11-28,1027,"Ethereum",1198.73761900273,1156.06255382891,1177.4
2022-12-05,1027,"Ethereum",1302.23751962726,1252.47236550331,1277.355
2022-12-12,1027,"Ethereum",1275.6103219412,1243.47781046442,1259.544
2022-12-19,1027,"Ethereum",1192.92385231543,1160.37725359297,1176.651
2022-12-26,1027,"Ethereum",1226.97433867685,1214.33590614839,1220.655
2023-01-02,1027,"Ethereum",1219.86064868923,1195.21502292143,1207.538
2023-01-09,1027,"Ethereum",1342.14416860945,1286.68074250986,1314.412
2023-01-16,1027,"Ethereum",1594.03976929866,1529.57364665946,1561.807
2023-01-23,1027,"Ethereum",1641.21817184577,1607.90307106985,1624.561
2023-01-30,1027,"Ethereum",1646.65155497423,1546.66079035513,1596.656
2023-02-06,1027,"Ethereum",1653.71550790113,1611.31903456663,1632.517
2023-02-13,1027,"Ethereum",1524.73143567776,1470.02398268622,1497.378
2023-02-20,1027,"Ethereum",1716.48935447799,1659.29506133228,1687.892
2023-02-27,1027,"Ethereum",1662.57571640923,1615.38791622655,1638.982
2023-03-06,1027,"Ethereum",1579.45632961822,1557.36350053263,1568.41
2023-03-13,1027,"Ethereum",1699.91172568122,1572.07465255427,1635.993
2023-03-20,1027,"Ethereum",1807.72519328795,1728.1038171459,1767.915
2023-03-27,1027,"Ethereum",1781.37921471303,1690.51658535353,1735.948
2023-04-03,1027,"Ethereum",1839.15779710914,1765.51889512013,1802.338
2023-04-10,1027,"Ethereum",1917.30014247645,1848.16414644245,1882.732
2023-04-17,1027,"Ethereum",2120.1135626334,2063.03868438816,2091.576
2023-04-24,1027,"Ethereum",1888.19367724772,1811.792082619,1849.993
2022-05-02,1839,"BNB",392.216691269645,382.77440977495,387.496
2022-05-09,1839,"BNB",358.9507148463,299.348942033418,329.15
2022-05-16,1839,"BNB",312.144262912722,290.461814344884,301.303
2022-05-23,1839,"BNB",336.307534183882,316.349743995361,326.329
2022-05-30,1839,"BNB",323.257779285292,304.33658959808,313.797
2022-06-06,1839,"BNB",311.699710055024,289.428294458944,300.564
2022-06-13,1839,"BNB",256.854305830161,214.605301752506,235.73
2022-06-20,1839,"BNB",218.079711261071,205.166819212454,211.623
2022-06-27,1839,"BNB",240.618206409131,230.507084234693,235.563
2022-07-04,1839,"BNB",231.768209869658,215.213724810573,223.491
2022-07-11,1839,"BNB",234.649926435571,225.501411976369,230.076
2022-07-18,1839,"BNB",264.886046387097,247.821816056409,256.354
2022-07-25,1839,"BNB",262.436121544403,245.148492622395,253.792
2022-08-01,1839,"BNB",290.084787847247,278.343547853218,284.214
2022-08-08,1839,"BNB",332.881115820188,322.539376549416,327.71
2022-08-15,1839,"BNB",326.833647180373,314.858106967488,320.846
2022-08-22,1839,"BNB",303.823792489398,289.306707221425,296.565
2022-08-29,1839,"BNB",286.331010174459,272.805967616014,279.568
2022-09-05,1839,"BNB",280.612636641403,273.719526925893,277.166
2022-09-12,1839,"BNB",299.176304291991,291.150695819688,295.164
2022-09-19,1839,"BNB",272.619107261436,257.186828346311,264.903
2022-09-26,1839,"BNB",276.446979256729,271.188326728695,273.818
2022-10-03,1839,"BNB",288.632900820854,283.898643755084,286.266
2022-10-10,1839,"BNB",279.064314928273,271.806065105784,275.435
2022-10-17,1839,"BNB",275.841527250178,270.427346416493,273.134
2022-10-24,1839,"BNB",276.875463868703,271.884879702281,274.38
2022-10-31,1839,"BNB",336.795316781642,307.625325372962,322.21
2022-11-07,1839,"BNB",344.041900884413,327.683782432298,335.863
2022-11-14,1839,"BNB",290.71963301156,268.233046740441,279.476
2022-11-21,1839,"BNB",264.742552606732,250.65693898383,257.7
2022-11-28,1839,"BNB",309.09608791491,289.493688819351,299.295
2022-12-05,1839,"BNB",296.912166179345,286.538694041183,291.725
2022-12-12,1839,"BNB",285.537451304481,273.530841645492,279.534
2022-12-19,1839,"BNB",252.933020872949,238.650787979411,245.792
2022-12-26,1839,"BNB",244.595951264971,242.224423839434,243.41
2023-01-02,1839,"BNB",247.715267998923,241.692491386056,244.704
2023-01-09,1839,"BNB",283.025432795367,271.899394375623,277.462
2023-01-16,1839,"BNB",307.597369340197,294.181960229949,300.89
2023-01-23,1839,"BNB",307.429254470411,302.331699906584,304.88
2023-01-30,1839,"BNB",320.254819175939,303.580744320465,311.918
2023-02-06,1839,"BNB",330.957437001545,321.946143172301,326.452
2023-02-13,1839,"BNB",315.123038133425,283.696383453206,299.41
2023-02-20,1839,"BNB",319.300772085206,309.428248572262,314.365
2023-02-27,1839,"BNB",309.325454352254,300.936110940623,305.131
2023-03-06,1839,"BNB",289.718375855226,283.953162365482,286.836
2023-03-13,1839,"BNB",313.75370973843,287.556195989049,300.655
2023-03-20,1839,"BNB",339.798021487354,332.854101569647,336.326
2023-03-27,1839,"BNB",329.330494643801,306.454432860369,317.892
2023-04-03,1839,"BNB",314.033246795384,300.508764347351,307.271
2023-04-10,1839,"BNB",318.379062017269,311.811810059143,315.095
2023-04-17,1839,"BNB",350.072298274635,338.260624337246,344.166
2023-04-24,1839,"BNB",333.448119846592,328.144858765064,330.796
2022-05-02,2010,"Cardano",0.795818211207955,0.766198326842547,0.781
2022-05-09,2010,"Cardano",0.753232705555761,0.610088214065147,0.682
2022-05-16,2010,"Cardano",0.608465343322283,0.54781241091119,0.578
2022-05-23,2010,"Cardano",0.557804803329302,0.50943315642952,0.534
2022-05-30,2010,"Cardano",0.574956379011749,0.478083222038562,0.527
2022-06-06,2010,"Cardano",0.643452069505951,0.56660817492098,0.605
2022-06-13,2010,"Cardano",0.496463255725167,0.439205987902192,0.468
2022-06-20,2010,"Cardano",0.50796470508387,0.462885580710083,0.485
2022-06-27,2010,"Cardano",0.507614716014796,0.47862023379169,0.493
2022-07-04,2010,"Cardano",0.473208882566276,0.445300513931409,0.459
2022-07-11,2010,"Cardano",0.463180551744027,0.433864605197842,0.449
2022-07-18,2010,"Cardano",0.497245972111927,0.446382840484133,0.472
2022-07-25,2010,"Cardano",0.514812468743759,0.476236571080097,0.496
2022-08-01,2010,"Cardano",0.52573317060953,0.502531391280851,0.514
2022-08-08,2010,"Cardano",0.548406807305489,0.52363276441332,0.536
2022-08-15,2010,"Cardano",0.581009560764047,0.545604931909751,0.563
2022-08-22,2010,"Cardano",0.463535826840019,0.440015417976849,0.452
2022-08-29,2010,"Cardano",0.452049394942032,0.42768247392075,0.44
2022-09-05,2010,"Cardano",0.505339011301913,0.483885101386607,0.495
2022-09-12,2010,"Cardano",0.518861613843929,0.497819962164777,0.508
2022-09-19,2010,"Cardano",0.455685434484625,0.434388170436561,0.445
2022-09-26,2010,"Cardano",0.450269945509261,0.438233503426192,0.444
2022-10-03,2010,"Cardano",0.428601301649501,0.418097318786139,0.423
2022-10-10,2010,"Cardano",0.426264836799348,0.401788241116315,0.414
2022-10-17,2010,"Cardano",0.375328294334506,0.366598511122958,0.371
2022-10-24,2010,"Cardano",0.364589610687274,0.354383833834515,0.359
2022-10-31,2010,"Cardano",0.415174044061005,0.398713419321824,0.407
2022-11-07,2010,"Cardano",0.415742806628149,0.399029057722806,0.407
2022-11-14,2010,"Cardano",0.340556066089334,0.315945523647734,0.328
2022-11-21,2010,"Cardano",0.312621606758893,0.297287519703499,0.305
2022-11-28,2010,"Cardano",0.313784627099787,0.301404250061939,0.308
2022-12-05,2010,"Cardano",0.328756388098041,0.317321042180456,0.323
2022-12-12,2010,"Cardano",0.307808498879904,0.302639783906925,0.305
2022-12-19,2010,"Cardano",0.26928947404251,0.251139769715066,0.26
2022-12-26,2010,"Cardano",0.265307325435821,0.257989605594895,0.262
2023-01-02,2010,"Cardano",0.255766559126182,0.24736815012675,0.252
2023-01-09,2010,"Cardano",0.340881309766734,0.295414097547236,0.318
2023-01-16,2010,"Cardano",0.362747674766888,0.340660826210631,0.352
2023-01-23,2010,"Cardano",0.382364654671651,0.371022360573671,0.377
2023-01-30,2010,"Cardano",0.3976070683435,0.368588940086253,0.383
2023-02-06,2010,"Cardano",0.402419257508434,0.381602461073825,0.392
2023-02-13,2010,"Cardano",0.36552855583371,0.346896382800175,0.356
2023-02-20,2010,"Cardano",0.409229751211663,0.392036305450444,0.401
2023-02-27,2010,"Cardano",0.369893173714781,0.358805035219262,0.364
2023-03-06,2010,"Cardano",0.338409327885804,0.330410146471229,0.334
2023-03-13,2010,"Cardano",0.352077740806432,0.328689799765488,0.34
2023-03-20,2010,"Cardano",0.34674033230265,0.332135278965711,0.339
2023-03-27,2010,"Cardano",0.356989383516211,0.338738244110622,0.348
2023-04-03,2010,"Cardano",0.40346476350727,0.372874865954694,0.388
2023-04-10,2010,"Cardano",0.397423119466399,0.385490460587349,0.391
2023-04-17,2010,"Cardano",0.451757807616648,0.433168081237355,0.442
2023-04-24,2010,"Cardano",0.39660783977532,0.381285478992452,0.389
2022-05-02,3408,"USD Coin",1.0005640698602,0.999500196303252,1
2022-05-09,3408,"USD Coin",1.00068166955796,0.999376255937947,1
2022-05-16,3408,"USD Coin",1.00081623696237,0.99973955537364,1
2022-05-23,3408,"USD Coin",1.00090614356247,0.999727852620682,1
2022-05-30,3408,"USD Coin",1.00087052365951,0.999582409325991,1
2022-06-06,3408,"USD Coin",1.00083354232712,0.9996637902533,1
2022-06-13,3408,"USD Coin",1.00111698336598,0.999500854421916,1
2022-06-20,3408,"USD Coin",1.00098272170284,0.999843564153216,1
2022-06-27,3408,"USD Coin",1.00063700085148,0.999773469898989,1
2022-07-04,3408,"USD Coin",1.00072960140213,0.999811739675366,1
2022-07-11,3408,"USD Coin",1.00065231804369,0.999725650106263,1
2022-07-18,3408,"USD Coin",1.00077032032205,0.9995186646606,1
2022-07-25,3408,"USD Coin",1.00048497414203,0.999362992198195,1
2022-08-01,3408,"USD Coin",1.00046858357793,0.999522835051385,1
2022-08-08,3408,"USD Coin",1.00045388585585,0.999442471859726,1
2022-08-15,3408,"USD Coin",1.0002610183666,0.99945930515007,1
2022-08-22,3408,"USD Coin",1.00036369367788,0.999763606539573,1
2022-08-29,3408,"USD Coin",1.00036603649806,0.999800786138261,1
2022-09-05,3408,"USD Coin",1.00029000979561,0.999592437640076,1
2022-09-12,3408,"USD Coin",1.00019987056833,0.999516094320601,1
2022-09-19,3408,"USD Coin",1.00044951190857,0.999667549460345,1
2022-09-26,3408,"USD Coin",1.00042066467684,0.999740663687045,1
2022-10-03,3408,"USD Coin",1.00021510200037,0.99981570978231,1
2022-10-10,3408,"USD Coin",1.00024273591257,0.999738492448054,1
2022-10-17,3408,"USD Coin",1.00021778577351,0.999853841533189,1
2022-10-24,3408,"USD Coin",1.00026048957321,0.999766662388653,1
2022-10-31,3408,"USD Coin",1.00037867614223,0.999452232517014,1
2022-11-07,3408,"USD Coin",1.00038782814204,0.999657509697582,1
2022-11-14,3408,"USD Coin",1.00098744684823,0.999778537340935,1
2022-11-21,3408,"USD Coin",1.00077929721937,0.999807542971596,1
2022-11-28,3408,"USD Coin",1.00062307837158,0.999677890703468,1
2022-12-05,3408,"USD Coin",1.00039675568408,0.999679035045905,1
2022-12-12,3408,"USD Coin",1.00028779566347,0.999726229199005,1
2022-12-19,3408,"USD Coin",1.00024987312317,0.999346020245911,1
2022-12-26,3408,"USD Coin",1.00019608638612,0.999854029242858,1
2023-01-02,3408,"USD Coin",1.00021664398819,0.999848455025977,1
2023-01-09,3408,"USD Coin",1.0003584477922,0.999587612211506,1
2023-01-16,3408,"USD Coin",1.00049492774636,0.999626908913372,1
2023-01-23,3408,"USD Coin",1.00042589980479,0.999423367586693,1
2023-01-30,3408,"USD Coin",1.00033349667812,0.999503419590669,1
2023-02-06,3408,"USD Coin",1.0004585197057,0.999501004008492,1
2023-02-13,3408,"USD Coin",1.00038755684028,0.999430465859222,1
2023-02-20,3408,"USD Coin",1.00032130227384,0.999473614222225,1
2023-02-27,3408,"USD Coin",1.00046579272104,0.999631233015937,1
2023-03-06,3408,"USD Coin",1.00023863812165,0.999661123820575,1
2023-03-13,3408,"USD Coin",1.00027807287086,0.988035578150011,0.994
2023-03-20,3408,"USD Coin",1.00040183073301,0.997389914416252,0.999
2023-03-27,3408,"USD Coin",1.00018825785634,0.998941955682997,1
2023-04-03,3408,"USD Coin",1.00048966505256,0.999274353480453,1
2023-04-10,3408,"USD Coin",1.00030980297413,0.999314558523976,1
2023-04-17,3408,"USD Coin",1.00012077408677,0.999178338852273,1
2023-04-24,3408,"USD Coin",1.00044323800533,0.99954718489769,1
2022-05-02,3890,"Polygon",1.11878027108679,1.04326728793058,1.081
2022-05-09,3890,"Polygon",0.990015003619174,0.799419170556011,0.895
2022-05-16,3890,"Polygon",0.739998823102392,0.665088533574147,0.703
2022-05-23,3890,"Polygon",0.698384813212347,0.641704639158823,0.67
2022-05-30,3890,"Polygon",0.659176027480349,0.596756003943208,0.628
2022-06-06,3890,"Polygon",0.653678631659772,0.597291147280396,0.625
2022-06-13,3890,"Polygon",0.501744792543707,0.408357659306947,0.455
2022-06-20,3890,"Polygon",0.409076123980551,0.36178191906471,0.385
2022-06-27,3890,"Polygon",0.594713431900454,0.524466126625213,0.56
2022-07-04,3890,"Polygon",0.493141878432036,0.452702726959454,0.473
2022-07-11,3890,"Polygon",0.59639600142979,0.538977726081595,0.568
2022-07-18,3890,"Polygon",0.97737029266409,0.746361402515987,0.862
2022-07-25,3890,"Polygon",0.883288144341443,0.775100071919302,0.829
2022-08-01,3890,"Polygon",0.944035298216792,0.88326414516152,0.914
2022-08-08,3890,"Polygon",0.94968997594039,0.906112527291517,0.928
2022-08-15,3890,"Polygon",1.03174712884332,0.935241954693647,0.983
2022-08-22,3890,"Polygon",0.821338645223806,0.772619148395508,0.797
2022-08-29,3890,"Polygon",0.819415825651907,0.764297098444475,0.792
2022-09-05,3890,"Polygon",0.90019610346376,0.86467534573641,0.882
2022-09-12,3890,"Polygon",0.939656431463073,0.875007973101234,0.907
2022-09-19,3890,"Polygon",0.773993083382066,0.727312578920267,0.751
2022-09-26,3890,"Polygon",0.759082522791248,0.729160804267971,0.744
2022-10-03,3890,"Polygon",0.805122928981716,0.758771705213146,0.782
2022-10-10,3890,"Polygon",0.841164879859438,0.813605112379058,0.827
2022-10-17,3890,"Polygon",0.849168957100484,0.797798401643838,0.823
2022-10-24,3890,"Polygon",0.90672949964857,0.874775124621365,0.891
2022-10-31,3890,"Polygon",0.928127275745063,0.897329645414847,0.913
2022-11-07,3890,"Polygon",1.2871641568707,1.13573441624979,1.211
2022-11-14,3890,"Polygon",0.957332186985564,0.841195165940221,0.899
2022-11-21,3890,"Polygon",0.817847882179128,0.772987154819324,0.795
2022-11-28,3890,"Polygon",0.847751217930328,0.809178754498053,0.828
2022-12-05,3890,"Polygon",0.943985539709957,0.901984126743939,0.923
2022-12-12,3890,"Polygon",0.911575943938121,0.875428009627254,0.894
2022-12-19,3890,"Polygon",0.820760687397632,0.765526033365444,0.793
2022-12-26,3890,"Polygon",0.815221142860937,0.79425995333046,0.805
2023-01-02,3890,"Polygon",0.787733871182452,0.751178194896037,0.769
2023-01-09,3890,"Polygon",0.874218867641244,0.836075430964045,0.855
2023-01-16,3890,"Polygon",1.04424073268706,0.973856662143451,1.009
2023-01-23,3890,"Polygon",1.01220649877824,0.982960870426944,0.998
2023-01-30,3890,"Polygon",1.17824096560047,1.07356511851816,1.126
2023-02-06,3890,"Polygon",1.23603808239036,1.18076019792175,1.208
2023-02-13,3890,"Polygon",1.2422742857628,1.14437176680963,1.193
2023-02-20,3890,"Polygon",1.50609663345887,1.44233561332583,1.474
2023-02-27,3890,"Polygon",1.28519808008738,1.21795879070245,1.252
2023-03-06,3890,"Polygon",1.14514574015412,1.11746754043362,1.131
2023-03-13,3890,"Polygon",1.20119194933018,1.09871710245661,1.15
2023-03-20,3890,"Polygon",1.17323845225024,1.10292634982529,1.138
2023-03-27,3890,"Polygon",1.1078986408383,1.03018032447372,1.069
2023-04-03,3890,"Polygon",1.11697908346666,1.07388453373521,1.095
2023-04-10,3890,"Polygon",1.12348589788025,1.09096699038831,1.107
2023-04-17,3890,"Polygon",1.18420457187895,1.15153041869923,1.168
2023-04-24,3890,"Polygon",1.02116922547592,0.976417715186097,0.999
2022-05-02,5426,"Solana",90.6933678205768,85.4072156943352,88.05
2022-05-09,5426,"Solana",76.9830899067476,63.2696536148695,70.126
2022-05-16,5426,"Solana",58.8039140989315,52.2679290083726,55.536
2022-05-23,5426,"Solana",54.4746474280207,48.9272462633392,51.701
2022-05-30,5426,"Solana",47.9368296962959,44.3574075549424,46.147
2022-06-06,5426,"Solana",44.4506173553628,38.4387912131053,41.445
2022-06-13,5426,"Solana",30.9179822759389,26.1396110761744,28.529
2022-06-20,5426,"Solana",36.7642384661048,31.8929117211965,34.329
2022-06-27,5426,"Solana",41.08215938426,38.170923817659,39.627
2022-07-04,5426,"Solana",36.8065085406599,32.5207124231284,34.664
2022-07-11,5426,"Solana",36.6931957456268,33.3373014211655,35.015
2022-07-18,5426,"Solana",43.7461567692606,38.6085632786245,41.177
2022-07-25,5426,"Solana",41.0481816594084,36.711998124035,38.88
2022-08-01,5426,"Solana",43.1162897411595,40.7367616148826,41.927
2022-08-08,5426,"Solana",43.5398554079843,40.6037978797693,42.072
2022-08-15,5426,"Solana",47.1275391844461,42.9090314146516,45.018
2022-08-22,5426,"Solana",36.5258063123213,33.9004420701057,35.213
2022-08-29,5426,"Solana",32.5207465652256,30.1191622108998,31.32
2022-09-05,5426,"Solana",32.370532917477,31.2110687089083,31.791
2022-09-12,5426,"Solana",38.1690782816889,34.5079239263518,36.339
2022-09-19,5426,"Solana",32.989858019559,30.6932477000819,31.842
2022-09-26,5426,"Solana",33.8815076629537,31.960150135676,32.921
2022-10-03,5426,"Solana",33.20493014286,31.9549317479103,32.58
2022-10-10,5426,"Solana",33.3394528307581,31.9708348445134,32.655
2022-10-17,5426,"Solana",31.2639921698365,29.8831602480988,30.574
2022-10-24,5426,"Solana",29.4139473806275,28.2150332506914,28.814
2022-10-31,5426,"Solana",34.3077431382713,32.286267401664,33.297
2022-11-07,5426,"Solana",33.0675048503958,28.9267351161002,30.997
2022-11-14,5426,"Solana",14.8899875518226,12.2546180528301,13.572
2022-11-21,5426,"Solana",12.2575979852296,11.3416384053664,11.8
2022-11-28,5426,"Solana",14.1450768891228,12.8248410256123,13.485
2022-12-05,5426,"Solana",14.1353196893169,13.6302262303144,13.883
2022-12-12,5426,"Solana",13.4580849456635,12.9511569468761,13.205
2022-12-19,5426,"Solana",12.5669231933087,11.7377097899549,12.152
2022-12-26,5426,"Solana",11.4534102887329,11.138463781244,11.296
2023-01-02,5426,"Solana",11.3720129620208,9.84521147124911,10.609
2023-01-09,5426,"Solana",17.3615566197665,14.3255331875986,15.844
2023-01-16,5426,"Solana",24.7527879328978,22.5855974736935,23.669
2023-01-23,5426,"Solana",24.8859816280388,23.9737348414615,24.43
2023-01-30,5426,"Solana",26.2493159952964,23.4891746014897,24.869
2023-02-06,5426,"Solana",23.6873568469568,22.6039037687291,23.146
2023-02-13,5426,"Solana",21.52965638128,19.8707453008532,20.7
2023-02-20,5426,"Solana",26.9255807905425,24.3420710230983,25.634
2023-02-27,5426,"Solana",23.3674619035033,22.4007673853525,22.884
2023-03-06,5426,"Solana",21.0988647927447,20.5222137888977,20.811
2023-03-13,5426,"Solana",21.3404126982677,18.9644723577071,20.152
2023-03-20,5426,"Solana",23.8311927176451,21.5855596757087,22.708
2023-03-27,5426,"Solana",20.979824924156,19.5080537509006,20.244
2023-04-03,5426,"Solana",20.9340969517737,20.0249034495329,20.48
2023-04-10,5426,"Solana",20.9365265685513,20.1157071200212,20.526
2023-04-17,5426,"Solana",25.9383351048216,24.406898855413,25.173
2023-04-24,5426,"Solana",21.9501716689839,21.0787918498782,21.514
